id,name,brand,category,price,old_price,currency,color,sizes,gender,url,image,in_stock,image_kind,style_fields,parsed_at
415985138,Лоферы летние замшевые классические,JOYCITY,обувь,1888,,RUB,бежевый,,женский,https://www.wildberries.ru/catalog/415985138/detail.aspx,https://basket-24.wbbasket.ru/vol4159/part415985/415985138/images/big/1.webp,true,model,classic natural,2026-07-16
613336276,Лоферы кожаные коричневые,Nexude,обувь,2372,,RUB,коричневый,,женский,https://www.wildberries.ru/catalog/613336276/detail.aspx,https://basket-31.wbbasket.ru/vol6133/part613336/613336276/images/big/1.webp,true,packshot,classic natural,2026-07-16
461210365,Мокасины лоферы замшевые дышащие,JOYCITY,обувь,1798,,RUB,черный,,женский,https://www.wildberries.ru/catalog/461210365/detail.aspx,https://basket-26.wbbasket.ru/vol4612/part461210/461210365/images/big/1.webp,true,model,classic natural,2026-07-16
833345242,Лоферы из натуральной кожи,Mia mianti,обувь,2804,,RUB,черный,,женский,https://www.wildberries.ru/catalog/833345242/detail.aspx,https://basket-38.wbbasket.ru/vol8333/part833345/833345242/images/big/1.webp,true,model,classic natural,2026-07-16
762169570,Лоферы женские натуральная кожа черные,O`SHADE,обувь,2745,,RUB,черный,,женский,https://www.wildberries.ru/catalog/762169570/detail.aspx,https://basket-35.wbbasket.ru/vol7621/part762169/762169570/images/big/1.webp,true,model,classic natural,2026-07-16
613336275,Лоферы кожаные черные,Nexude,обувь,2876,,RUB,черный,,женский,https://www.wildberries.ru/catalog/613336275/detail.aspx,https://basket-31.wbbasket.ru/vol6133/part613336/613336275/images/big/1.webp,true,model,classic natural,2026-07-16
489342928,Лоферы кожаные классические на каблуке,Nexude,обувь,2876,,RUB,коричневый,,женский,https://www.wildberries.ru/catalog/489342928/detail.aspx,https://basket-27.wbbasket.ru/vol4893/part489342/489342928/images/big/1.webp,true,packshot,classic natural,2026-07-16
243298894,Лоферы кожаные с фурнитурой,CAMILLE-OSENSA,обувь,1993,,RUB,черный,,женский,https://www.wildberries.ru/catalog/243298894/detail.aspx,https://basket-16.wbbasket.ru/vol2432/part243298/243298894/images/big/1.webp,true,packshot,classic natural,2026-07-16
201447548,Лоферы натуральная кожа туфли черные на низком каблуке,Milores,обувь,2782,,RUB,черный,,женский,https://www.wildberries.ru/catalog/201447548/detail.aspx,https://basket-13.wbbasket.ru/vol2014/part201447/201447548/images/big/1.webp,true,model,classic natural,2026-07-16
731512761,Лоферы черные женские натуральная кожа,KLAVIER,обувь,2889,,RUB,черный,,женский,https://www.wildberries.ru/catalog/731512761/detail.aspx,https://basket-34.wbbasket.ru/vol7315/part731512/731512761/images/big/1.webp,true,model,classic natural,2026-07-16
644256753,Лоферы женские кожаные натуральные,STARRIER,обувь,2606,,RUB,коричневый,,женский,https://www.wildberries.ru/catalog/644256753/detail.aspx,https://basket-32.wbbasket.ru/vol6442/part644256/644256753/images/big/1.webp,true,model,classic natural,2026-07-16
1029070307,Лоферы натуральная кожа черные,Milores,обувь,3017,,RUB,черный,,женский,https://www.wildberries.ru/catalog/1029070307/detail.aspx,https://basket-41.wbbasket.ru/vol10290/part1029070/1029070307/images/big/1.webp,true,model,classic natural,2026-07-16
918060359,Классические кожаные лоферы на низком каблуке,Obba,обувь,2946,,RUB,черный,,женский,https://www.wildberries.ru/catalog/918060359/detail.aspx,https://basket-40.wbbasket.ru/vol9180/part918060/918060359/images/big/1.webp,true,model,classic natural,2026-07-16
823835736,Лоферы натуральная замша,CO’SHIK,обувь,3364,,RUB,коричневый,,женский,https://www.wildberries.ru/catalog/823835736/detail.aspx,https://basket-37.wbbasket.ru/vol8238/part823835/823835736/images/big/1.webp,true,model,classic natural,2026-07-16
269547539,Сапоги зимние на каблуке,Deamis,обувь,1906,,RUB,зеленый,,женский,https://www.wildberries.ru/catalog/269547539/detail.aspx,https://basket-17.wbbasket.ru/vol2695/part269547/269547539/images/big/1.webp,true,model,classic drama,2026-07-16
244464857,Сапоги женские демисезонные натуральная кожа,O`SHADE,обувь,5334,,RUB,черный,,женский,https://www.wildberries.ru/catalog/244464857/detail.aspx,https://basket-16.wbbasket.ru/vol2444/part244464/244464857/images/big/1.webp,true,packshot,classic drama,2026-07-16
764248655,Сапоги высокие женские демисезонные,O`SHADE,обувь,5053,,RUB,черный,,женский,https://www.wildberries.ru/catalog/764248655/detail.aspx,https://basket-35.wbbasket.ru/vol7642/part764248/764248655/images/big/1.webp,true,model,classic drama,2026-07-16
764248770,Сапоги женские демисезонные натуральная кожа,O`SHADE,обувь,5013,,RUB,черный,,женский,https://www.wildberries.ru/catalog/764248770/detail.aspx,https://basket-35.wbbasket.ru/vol7642/part764248/764248770/images/big/1.webp,true,model,classic drama,2026-07-16
765041962,Сапоги демисезонные женские натуральная кожа,O`SHADE,обувь,4933,,RUB,черный,,женский,https://www.wildberries.ru/catalog/765041962/detail.aspx,https://basket-35.wbbasket.ru/vol7650/part765041/765041962/images/big/1.webp,true,model,classic drama,2026-07-16
429344983,Сапоги ботфорты женские демисезонные,Naked Diamond,обувь,2935,,RUB,черный,,женский,https://www.wildberries.ru/catalog/429344983/detail.aspx,https://basket-24.wbbasket.ru/vol4293/part429344/429344983/images/big/1.webp,true,model,classic drama,2026-07-16
686265730,Сапоги на каблуке трубы,STARRIER,обувь,3355,,RUB,коричневый,,женский,https://www.wildberries.ru/catalog/686265730/detail.aspx,https://basket-33.wbbasket.ru/vol6862/part686265/686265730/images/big/1.webp,true,model,classic drama,2026-07-16
725354039,Сапоги женские демисезонные коричневые,O`SHADE,обувь,4571,,RUB,коричневый,,женский,https://www.wildberries.ru/catalog/725354039/detail.aspx,https://basket-34.wbbasket.ru/vol7253/part725354/725354039/images/big/1.webp,true,model,classic drama,2026-07-16
753785451,Сапоги чулки женские коричневые,O`SHADE,обувь,3648,,RUB,коричневый,,женский,https://www.wildberries.ru/catalog/753785451/detail.aspx,https://basket-35.wbbasket.ru/vol7537/part753785/753785451/images/big/1.webp,true,model,classic drama,2026-07-16
776435047,Сапоги женские демисезонные бордовые,O`SHADE,обувь,4812,,RUB,красный,,женский,https://www.wildberries.ru/catalog/776435047/detail.aspx,https://basket-36.wbbasket.ru/vol7764/part776435/776435047/images/big/1.webp,true,model,classic drama,2026-07-16
491511344,Ботфорты женские зимние натуральная кожа,O`SHADE,одежда,5294,,RUB,черный,,женский,https://www.wildberries.ru/catalog/491511344/detail.aspx,https://basket-27.wbbasket.ru/vol4915/part491511/491511344/images/big/1.webp,true,model,classic drama,2026-07-16
776426694,Сапоги трубы женские демисезонные,O`SHADE,обувь,3729,,RUB,черный,,женский,https://www.wildberries.ru/catalog/776426694/detail.aspx,https://basket-36.wbbasket.ru/vol7764/part776426/776426694/images/big/1.webp,true,model,classic drama,2026-07-16
708344264,Сапоги зимние,Love Trendy,обувь,3477,,RUB,черный,,женский,https://www.wildberries.ru/catalog/708344264/detail.aspx,https://basket-34.wbbasket.ru/vol7083/part708344/708344264/images/big/1.webp,true,model,classic drama,2026-07-16
725354058,Сапоги осенние женские натуральная кожа,O`SHADE,обувь,4571,,RUB,черный,,женский,https://www.wildberries.ru/catalog/725354058/detail.aspx,https://basket-34.wbbasket.ru/vol7253/part725354/725354058/images/big/1.webp,true,model,classic drama,2026-07-16
1232676026,Туфли женские лодочки черные,Nexude,обувь,3652,,RUB,черный,,женский,https://www.wildberries.ru/catalog/1232676026/detail.aspx,https://basket-44.wbbasket.ru/vol12326/part1232676/1232676026/images/big/1.webp,true,model,classic,2026-07-16
287905133,Кожаные туфли лодочки на каблуке,Obba,обувь,2775,,RUB,черный,,женский,https://www.wildberries.ru/catalog/287905133/detail.aspx,https://basket-18.wbbasket.ru/vol2879/part287905/287905133/images/big/1.webp,true,model,classic,2026-07-16
777870171,Туфли лодочка на каблуке,,обувь,1954,,RUB,черный,,женский,https://www.wildberries.ru/catalog/777870171/detail.aspx,https://basket-36.wbbasket.ru/vol7778/part777870/777870171/images/big/1.webp,true,model,classic,2026-07-16
229653864,Туфли лодочки на шпильке вечерние классические,SEMIDALI,обувь,1760,,RUB,черный,,женский,https://www.wildberries.ru/catalog/229653864/detail.aspx,https://basket-15.wbbasket.ru/vol2296/part229653/229653864/images/big/1.webp,true,model,classic,2026-07-16
834043710,туфли,,обувь,2933,,RUB,черный,,женский,https://www.wildberries.ru/catalog/834043710/detail.aspx,https://basket-38.wbbasket.ru/vol8340/part834043/834043710/images/big/1.webp,true,packshot,classic,2026-07-16
757983677,Туфли лодочки из натуральной кожи черные на каблуке рюмка,Kari,обувь,2063,,RUB,черный,,женский,https://www.wildberries.ru/catalog/757983677/detail.aspx,https://basket-35.wbbasket.ru/vol7579/part757983/757983677/images/big/1.webp,true,model,classic,2026-07-16
810039049,Туфли лодочки женские на каблуке,KRAUS Collection,обувь,2122,,RUB,черный,,женский,https://www.wildberries.ru/catalog/810039049/detail.aspx,https://basket-37.wbbasket.ru/vol8100/part810039/810039049/images/big/1.webp,true,model,classic,2026-07-16
473266743,Туфли лодочки на каблуке,22hangers,обувь,2476,,RUB,черный,,женский,https://www.wildberries.ru/catalog/473266743/detail.aspx,https://basket-26.wbbasket.ru/vol4732/part473266/473266743/images/big/1.webp,true,model,classic,2026-07-16
324859963,Туфли из натуральной кожи на низком каблуке лодочки,BADEN,обувь,2374,,RUB,черный,,женский,https://www.wildberries.ru/catalog/324859963/detail.aspx,https://basket-19.wbbasket.ru/vol3248/part324859/324859963/images/big/1.webp,true,model,classic,2026-07-16
235941519,Кожаные туфли на каблуке,BADEN,обувь,3295,,RUB,черный,,женский,https://www.wildberries.ru/catalog/235941519/detail.aspx,https://basket-15.wbbasket.ru/vol2359/part235941/235941519/images/big/1.webp,true,model,classic,2026-07-16
954788314,Туфли лодочки лаковые шпильке,TATEMEI,обувь,2052,,RUB,черный,,женский,https://www.wildberries.ru/catalog/954788314/detail.aspx,https://basket-40.wbbasket.ru/vol9547/part954788/954788314/images/big/1.webp,true,model,classic,2026-07-16
730740673,Туфли женские черные на каблуке,KLAVIER,обувь,1650,,RUB,черный,,женский,https://www.wildberries.ru/catalog/730740673/detail.aspx,https://basket-34.wbbasket.ru/vol7307/part730740/730740673/images/big/1.webp,true,model,classic,2026-07-16
268293421,Туфли,Barolina shoes,обувь,1747,,RUB,черный,,женский,https://www.wildberries.ru/catalog/268293421/detail.aspx,https://basket-17.wbbasket.ru/vol2682/part268293/268293421/images/big/1.webp,true,model,classic,2026-07-16
488837180,Вечерние туфли на каблуке шпильке черные кожаные,MISS MARISA,обувь,3079,,RUB,черный,,женский,https://www.wildberries.ru/catalog/488837180/detail.aspx,https://basket-27.wbbasket.ru/vol4888/part488837/488837180/images/big/1.webp,true,model,classic,2026-07-16
451192322,Кроссовки босоногая обувь с широким носом дышащие кеды,RIFMA,обувь,3478,,RUB,серый,,женский,https://www.wildberries.ru/catalog/451192322/detail.aspx,https://basket-25.wbbasket.ru/vol4511/part451192/451192322/images/big/1.webp,true,packshot,natural,2026-07-16
255365184,Кроссовки белые,LA-shoes,обувь,1689,,RUB,белый,,женский,https://www.wildberries.ru/catalog/255365184/detail.aspx,https://basket-16.wbbasket.ru/vol2553/part255365/255365184/images/big/1.webp,true,model,natural,2026-07-16
778497446,Кроссовки Air Force 1 форсы,Nike,обувь,2836,,RUB,белый,,женский,https://www.wildberries.ru/catalog/778497446/detail.aspx,https://basket-36.wbbasket.ru/vol7784/part778497/778497446/images/big/1.webp,true,model,natural,2026-07-16
826486009,Кроссовки Air Force 1 форсы,Nike,обувь,2836,,RUB,серый,,женский,https://www.wildberries.ru/catalog/826486009/detail.aspx,https://basket-37.wbbasket.ru/vol8264/part826486/826486009/images/big/1.webp,true,model,natural,2026-07-16
884786983,Кроссовки спортивные с сеткой летние,,обувь,2547,,RUB,белый,,женский,https://www.wildberries.ru/catalog/884786983/detail.aspx,https://basket-39.wbbasket.ru/vol8847/part884786/884786983/images/big/1.webp,true,model,natural,2026-07-16
486346653,Кроссовки женские Samba Spezial,adidas,обувь,2871,,RUB,белый,,женский,https://www.wildberries.ru/catalog/486346653/detail.aspx,https://basket-26.wbbasket.ru/vol4863/part486346/486346653/images/big/1.webp,true,packshot,natural,2026-07-16
786385960,Кроссовки спортивные на платформе,JustDream,обувь,2709,,RUB,белый,,женский,https://www.wildberries.ru/catalog/786385960/detail.aspx,https://basket-36.wbbasket.ru/vol7863/part786385/786385960/images/big/1.webp,true,model,natural,2026-07-16
355303523,Кроссовки женские дышащие для фитнеса,STARRIER,обувь,1537,,RUB,черный,,женский,https://www.wildberries.ru/catalog/355303523/detail.aspx,https://basket-21.wbbasket.ru/vol3553/part355303/355303523/images/big/1.webp,true,model,natural,2026-07-16
61066551,Кроссовки Изики,Krosmarket,обувь,1532,,RUB,белый,,женский,https://www.wildberries.ru/catalog/61066551/detail.aspx,https://basket-04.wbbasket.ru/vol610/part61066/61066551/images/big/1.webp,true,model,natural,2026-07-16
926854795,Кроссовки Suede,Нет бренда,обувь,3275,,RUB,белый,,женский,https://www.wildberries.ru/catalog/926854795/detail.aspx,https://basket-40.wbbasket.ru/vol9268/part926854/926854795/images/big/1.webp,true,packshot,natural,2026-07-16
182335211,Кроссовки спортивные,adidas,обувь,2977,,RUB,белый,,женский,https://www.wildberries.ru/catalog/182335211/detail.aspx,https://basket-12.wbbasket.ru/vol1823/part182335/182335211/images/big/1.webp,true,packshot,natural,2026-07-16
778497448,Кроссовки Air Force 1 форсы,Nike,обувь,2836,,RUB,серый,,женский,https://www.wildberries.ru/catalog/778497448/detail.aspx,https://basket-36.wbbasket.ru/vol7784/part778497/778497448/images/big/1.webp,true,packshot,natural,2026-07-16
868405566,Кроссовки женские на платформе белые повседневные,PARIS BACIO,обувь,1857,,RUB,белый,,женский,https://www.wildberries.ru/catalog/868405566/detail.aspx,https://basket-38.wbbasket.ru/vol8684/part868405/868405566/images/big/1.webp,true,model,natural,2026-07-16
722896934,Кроссовки босоногая обувь с широким носом дышащие кеды,RIFMA,обувь,3861,,RUB,белый,,женский,https://www.wildberries.ru/catalog/722896934/detail.aspx,https://basket-34.wbbasket.ru/vol7228/part722896/722896934/images/big/1.webp,true,packshot,natural,2026-07-16
741381763,Ботинки челси женские демисезонные натуральная кожа черные,KLAVIER,обувь,3784,,RUB,черный,,женский,https://www.wildberries.ru/catalog/741381763/detail.aspx,https://basket-35.wbbasket.ru/vol7413/part741381/741381763/images/big/1.webp,true,model,natural classic,2026-07-16
455491909,Ботинки челси демисезонные натуральная кожа,Kari,обувь,1803,,RUB,черный,,женский,https://www.wildberries.ru/catalog/455491909/detail.aspx,https://basket-25.wbbasket.ru/vol4554/part455491/455491909/images/big/1.webp,true,packshot,natural classic,2026-07-16
715278189,Ботинки челси женские демисезонные,KLAVIER,обувь,4110,,RUB,черный,,женский,https://www.wildberries.ru/catalog/715278189/detail.aspx,https://basket-34.wbbasket.ru/vol7152/part715278/715278189/images/big/1.webp,true,packshot,natural classic,2026-07-16
719919157,Ботинки челси женские демисезонные натуральная кожа,O`SHADE,обувь,3784,,RUB,коричневый,,женский,https://www.wildberries.ru/catalog/719919157/detail.aspx,https://basket-34.wbbasket.ru/vol7199/part719919/719919157/images/big/1.webp,true,packshot,natural classic,2026-07-16
699839003,Ботинки демисезонные черные челси на платформе,Tonakolli,обувь,2680,,RUB,черный,,женский,https://www.wildberries.ru/catalog/699839003/detail.aspx,https://basket-33.wbbasket.ru/vol6998/part699839/699839003/images/big/1.webp,true,packshot,natural classic,2026-07-16
392273985,Полусапожки женские зимние челси на меху,Crown Magic,обувь,2802,,RUB,черный,,женский,https://www.wildberries.ru/catalog/392273985/detail.aspx,https://basket-23.wbbasket.ru/vol3922/part392273/392273985/images/big/1.webp,true,model,natural classic,2026-07-16
599034836,Челси женские демисезонные натуральная кожа,O`SHADE,обувь,3703,,RUB,черный,,женский,https://www.wildberries.ru/catalog/599034836/detail.aspx,https://basket-30.wbbasket.ru/vol5990/part599034/599034836/images/big/1.webp,true,packshot,natural classic,2026-07-16
760629469,Челси женские демисезонные натуральная кожа,O`SHADE,обувь,3427,,RUB,,,женский,https://www.wildberries.ru/catalog/760629469/detail.aspx,https://basket-35.wbbasket.ru/vol7606/part760629/760629469/images/big/1.webp,true,packshot,natural classic,2026-07-16
460184204,Челси кожаные демисезонные коричневые,Kari,обувь,1762,,RUB,коричневый,,женский,https://www.wildberries.ru/catalog/460184204/detail.aspx,https://basket-26.wbbasket.ru/vol4601/part460184/460184204/images/big/1.webp,true,model,natural classic,2026-07-16
699820873,Ботинки демисезонные черные челси на платформе,Tonakolli,обувь,2680,,RUB,черный,,женский,https://www.wildberries.ru/catalog/699820873/detail.aspx,https://basket-33.wbbasket.ru/vol6998/part699820/699820873/images/big/1.webp,true,model,natural classic,2026-07-16
499423001,Челси из натуральной кожи,SELA,обувь,2723,,RUB,черный,,женский,https://www.wildberries.ru/catalog/499423001/detail.aspx,https://basket-27.wbbasket.ru/vol4994/part499423/499423001/images/big/1.webp,true,packshot,natural classic,2026-07-16
711231204,Челси ботинки демисезонные натуральная кожа,STARRIER,обувь,3698,,RUB,черный,,женский,https://www.wildberries.ru/catalog/711231204/detail.aspx,https://basket-34.wbbasket.ru/vol7112/part711231/711231204/images/big/1.webp,true,model,natural classic,2026-07-16
753799889,Ботинки демисезонные женские натуральная кожа,O`SHADE,обувь,4069,,RUB,черный,,женский,https://www.wildberries.ru/catalog/753799889/detail.aspx,https://basket-35.wbbasket.ru/vol7537/part753799/753799889/images/big/1.webp,true,model,natural classic,2026-07-16
301860947,Ботинки демисезонные челси натуральная кожа,Kari,обувь,1695,,RUB,черный,,женский,https://www.wildberries.ru/catalog/301860947/detail.aspx,https://basket-18.wbbasket.ru/vol3018/part301860/301860947/images/big/1.webp,true,model,natural classic,2026-07-16
490315004,Сумка через плечо багет белая,,аксессуар,1614,,RUB,белый,,женский,https://www.wildberries.ru/catalog/490315004/detail.aspx,https://basket-27.wbbasket.ru/vol4903/part490315/490315004/images/big/1.webp,true,model,classic drama,2026-07-16
168031554,Сумка багет маленькая на плечо,K.KD,аксессуар,1693,,RUB,черный,,женский,https://www.wildberries.ru/catalog/168031554/detail.aspx,https://basket-12.wbbasket.ru/vol1680/part168031/168031554/images/big/1.webp,true,packshot,classic drama,2026-07-16
697387728,Сумка багет маленькая на плечо,BAGYbgs,аксессуар,1992,,RUB,коричневый,,женский,https://www.wildberries.ru/catalog/697387728/detail.aspx,https://basket-33.wbbasket.ru/vol6973/part697387/697387728/images/big/1.webp,true,model,classic drama,2026-07-16
831575579,Сумка женская багет кожаная на плечо,Benom,аксессуар,2788,,RUB,коричневый,,женский,https://www.wildberries.ru/catalog/831575579/detail.aspx,https://basket-38.wbbasket.ru/vol8315/part831575/831575579/images/big/1.webp,true,model,classic drama,2026-07-16
855870321,Сумка багет маленькая на плечо,BAGYbgs,аксессуар,1614,,RUB,бежевый,,женский,https://www.wildberries.ru/catalog/855870321/detail.aspx,https://basket-38.wbbasket.ru/vol8558/part855870/855870321/images/big/1.webp,true,model,classic drama,2026-07-16
724792819,Сумка женская через плечо y2k черная для девушки подростка,НИКИС,аксессуар,1539,,RUB,черный,,женский,https://www.wildberries.ru/catalog/724792819/detail.aspx,https://basket-34.wbbasket.ru/vol7247/part724792/724792819/images/big/1.webp,true,model,classic drama,2026-07-16
778876250,сумка багет из натуральной кожи через плечо,,аксессуар,3409,,RUB,черный,,женский,https://www.wildberries.ru/catalog/778876250/detail.aspx,https://basket-36.wbbasket.ru/vol7788/part778876/778876250/images/big/1.webp,true,model,classic drama,2026-07-16
306031891,Маленькая сумка багет на плечо,SHona,аксессуар,1505,,RUB,черный,,женский,https://www.wildberries.ru/catalog/306031891/detail.aspx,https://basket-19.wbbasket.ru/vol3060/part306031/306031891/images/big/1.webp,true,packshot,classic drama,2026-07-16
152078825,сумка багет на плечо маленькая,Supis bags,аксессуар,1662,,RUB,черный,,женский,https://www.wildberries.ru/catalog/152078825/detail.aspx,https://basket-10.wbbasket.ru/vol1520/part152078/152078825/images/big/1.webp,true,model,classic drama,2026-07-16
379076535,Сумка винтажная багет на плечо,ELOIS,аксессуар,3293,,RUB,черный,,женский,https://www.wildberries.ru/catalog/379076535/detail.aspx,https://basket-22.wbbasket.ru/vol3790/part379076/379076535/images/big/1.webp,true,model,classic drama,2026-07-16
890872710,Сумка багет летняя на плечо casual базовая,One Move,аксессуар,1532,,RUB,бежевый,,женский,https://www.wildberries.ru/catalog/890872710/detail.aspx,https://basket-39.wbbasket.ru/vol8908/part890872/890872710/images/big/1.webp,true,model,classic drama,2026-07-16
838039086,Сумка багет,,аксессуар,2104,,RUB,черный,,женский,https://www.wildberries.ru/catalog/838039086/detail.aspx,https://basket-38.wbbasket.ru/vol8380/part838039/838039086/images/big/1.webp,true,model,classic drama,2026-07-16
287490904,Сумка багет на плечо полумесяц шоколадная,BLAMP,аксессуар,1752,,RUB,коричневый,,женский,https://www.wildberries.ru/catalog/287490904/detail.aspx,https://basket-18.wbbasket.ru/vol2874/part287490/287490904/images/big/1.webp,true,model,classic drama,2026-07-16
243010976,Сумка багет прямоугольная на плечо,Niche brand,аксессуар,1548,,RUB,черный,,женский,https://www.wildberries.ru/catalog/243010976/detail.aspx,https://basket-16.wbbasket.ru/vol2430/part243010/243010976/images/big/1.webp,true,packshot,classic drama,2026-07-16
879886324,Сумка тоут шоппер большая с косметичкой,YNINA Santina,аксессуар,1580,,RUB,коричневый,,женский,https://www.wildberries.ru/catalog/879886324/detail.aspx,https://basket-39.wbbasket.ru/vol8798/part879886/879886324/images/big/1.webp,true,model,natural classic,2026-07-16
221981593,Сумка кожаный шоппер А4 большой,TOUCHBRAND,аксессуар,1912,,RUB,черный,,женский,https://www.wildberries.ru/catalog/221981593/detail.aspx,https://basket-15.wbbasket.ru/vol2219/part221981/221981593/images/big/1.webp,true,model,natural classic,2026-07-16
257259309,Сумка шоппер мешок большая через плечо с косметичкой кожаная,M&R FOR YOU,аксессуар,3603,,RUB,серый,,женский,https://www.wildberries.ru/catalog/257259309/detail.aspx,https://basket-16.wbbasket.ru/vol2572/part257259/257259309/images/big/1.webp,true,model,natural classic,2026-07-16
712498945,сумка шоппер А4,Kella,аксессуар,3286,,RUB,коричневый,,женский,https://www.wildberries.ru/catalog/712498945/detail.aspx,https://basket-34.wbbasket.ru/vol7124/part712498/712498945/images/big/1.webp,true,model,natural classic,2026-07-16
712495875,сумка средняя шоппер,Kella,аксессуар,2803,,RUB,черный,,женский,https://www.wildberries.ru/catalog/712495875/detail.aspx,https://basket-34.wbbasket.ru/vol7124/part712495/712495875/images/big/1.webp,true,model,natural classic,2026-07-16
943164884,Сумка большая А4 шоппер,LUIGI BRAVO эко,аксессуар,2023,,RUB,коричневый,,женский,https://www.wildberries.ru/catalog/943164884/detail.aspx,https://basket-40.wbbasket.ru/vol9431/part943164/943164884/images/big/1.webp,true,packshot,natural classic,2026-07-16
410143410,Сумка шоппер мини через плечо для учебы,MILADA,аксессуар,1581,,RUB,бежевый,,женский,https://www.wildberries.ru/catalog/410143410/detail.aspx,https://basket-23.wbbasket.ru/vol4101/part410143/410143410/images/big/1.webp,true,model,natural classic,2026-07-16
213100430,Шоппер сумка большая через плечо,MILADA,аксессуар,1616,,RUB,бежевый,,женский,https://www.wildberries.ru/catalog/213100430/detail.aspx,https://basket-14.wbbasket.ru/vol2131/part213100/213100430/images/big/1.webp,true,model,natural classic,2026-07-16
343392644,Сумка шоппер мини через плечо для учебы,MILADA,аксессуар,1640,,RUB,белый,,женский,https://www.wildberries.ru/catalog/343392644/detail.aspx,https://basket-20.wbbasket.ru/vol3433/part343392/343392644/images/big/1.webp,true,model,natural classic,2026-07-16
679905954,Сумка шоппер из натуральной кожи с ручками большая,Joni Krein,аксессуар,3678,,RUB,черный,,женский,https://www.wildberries.ru/catalog/679905954/detail.aspx,https://basket-33.wbbasket.ru/vol6799/part679905/679905954/images/big/1.webp,true,model,natural classic,2026-07-16
168858772,Сумка шоппер мешок большая через плечо с косметичкой кожаная,M&R FOR YOU,аксессуар,3177,,RUB,черный,,женский,https://www.wildberries.ru/catalog/168858772/detail.aspx,https://basket-12.wbbasket.ru/vol1688/part168858/168858772/images/big/1.webp,true,model,natural classic,2026-07-16
166678272,Сумка шоппер,OVONZO,аксессуар,1910,,RUB,бежевый,,женский,https://www.wildberries.ru/catalog/166678272/detail.aspx,https://basket-12.wbbasket.ru/vol1666/part166678/166678272/images/big/1.webp,true,model,natural classic,2026-07-16
280217660,Сумка шоппер кожаная на плечо,VELANSLINE,аксессуар,2848,,RUB,черный,,женский,https://www.wildberries.ru/catalog/280217660/detail.aspx,https://basket-17.wbbasket.ru/vol2802/part280217/280217660/images/big/1.webp,true,packshot,natural classic,2026-07-16
745517058,сумка средняя шоппер,Kella,аксессуар,2803,,RUB,коричневый,,женский,https://www.wildberries.ru/catalog/745517058/detail.aspx,https://basket-35.wbbasket.ru/vol7455/part745517/745517058/images/big/1.webp,true,model,natural classic,2026-07-16
143840494,Пальто женское длинное из кашемира с шерстью прямое,Louren Wilton,пальто,4040,,RUB,зеленый,,женский,https://www.wildberries.ru/catalog/143840494/detail.aspx,https://basket-10.wbbasket.ru/vol1438/part143840/143840494/images/big/1.webp,true,model,classic,2026-07-16
11664879,Пальто классическое демисезонное,Lady Jasmine,пальто,2114,,RUB,серый,,женский,https://www.wildberries.ru/catalog/11664879/detail.aspx,https://basket-01.wbbasket.ru/vol116/part11664/11664879/images/big/1.webp,true,packshot,classic,2026-07-16
496268058,Пальто женское шерстяное весна-осень,ARCHETYPE,пальто,5205,,RUB,синий,,женский,https://www.wildberries.ru/catalog/496268058/detail.aspx,https://basket-27.wbbasket.ru/vol4962/part496268/496268058/images/big/1.webp,true,model,classic,2026-07-16
557334385,Пиджак пальто шерстяное,M-METKA,пальто,4374,,RUB,коричневый,,женский,https://www.wildberries.ru/catalog/557334385/detail.aspx,https://basket-29.wbbasket.ru/vol5573/part557334/557334385/images/big/1.webp,true,packshot,classic,2026-07-16
200584265,"Пальто женское демисезонное удлиненное, пальто драповое",Finn Flare,пальто,5967,,RUB,зеленый,,женский,https://www.wildberries.ru/catalog/200584265/detail.aspx,https://basket-13.wbbasket.ru/vol2005/part200584/200584265/images/big/1.webp,true,packshot,classic,2026-07-16
863872340,Пальто весна-осень шерстянное пиджак демисезонное оверсайз,Hosta,пальто,3914,,RUB,серый,,женский,https://www.wildberries.ru/catalog/863872340/detail.aspx,https://basket-38.wbbasket.ru/vol8638/part863872/863872340/images/big/1.webp,true,model,classic,2026-07-16
221295851,Пальто демисезонное большие размеры,FANCY CODE,пальто,4601,,RUB,коричневый,,женский,https://www.wildberries.ru/catalog/221295851/detail.aspx,https://basket-15.wbbasket.ru/vol2212/part221295/221295851/images/big/1.webp,true,model,classic,2026-07-16
158492865,Шинель пальто зимнее суконное,ЗАЩИТА И ОБОРОНА,пальто,3706,,RUB,серый,,женский,https://www.wildberries.ru/catalog/158492865/detail.aspx,https://basket-10.wbbasket.ru/vol1584/part158492/158492865/images/big/1.webp,true,packshot,classic,2026-07-16
251183074,Весеннее пальто длинное с поясом,mmbrand a,аксессуар,3294,,RUB,коричневый,,женский,https://www.wildberries.ru/catalog/251183074/detail.aspx,https://basket-16.wbbasket.ru/vol2511/part251183/251183074/images/big/1.webp,true,model,classic,2026-07-16
540025387,Пальто свободное демисезонное с поясом,Smith&Soul,аксессуар,15377,,RUB,серый,,женский,https://www.wildberries.ru/catalog/540025387/detail.aspx,https://basket-28.wbbasket.ru/vol5400/part540025/540025387/images/big/1.webp,true,packshot,classic,2026-07-16
200300011,Шерстяное пальто осеннее короткое,AVELY,пальто,10136,,RUB,серый,,женский,https://www.wildberries.ru/catalog/200300011/detail.aspx,https://basket-13.wbbasket.ru/vol2003/part200300/200300011/images/big/1.webp,true,model,classic,2026-07-16
898198677,Пальто женское длинное демисезонное,KATY PRETTY,пальто,7089,,RUB,серый,,женский,https://www.wildberries.ru/catalog/898198677/detail.aspx,https://basket-39.wbbasket.ru/vol8981/part898198/898198677/images/big/1.webp,true,model,classic,2026-07-16
311201938,Полупальто шерстяное прямое,MAISON DAVID,пальто,11184,,RUB,красный,,женский,https://www.wildberries.ru/catalog/311201938/detail.aspx,https://basket-19.wbbasket.ru/vol3112/part311201/311201938/images/big/1.webp,true,model,classic,2026-07-16
259020636,Пальто демисезонное большие размеры,FANCY CODE,пальто,5864,,RUB,бежевый,,женский,https://www.wildberries.ru/catalog/259020636/detail.aspx,https://basket-16.wbbasket.ru/vol2590/part259020/259020636/images/big/1.webp,true,model,classic,2026-07-16
516133879,Пуховик зимний с капюшоном и поясом,LIMIWAY,аксессуар,22320,,RUB,белый,,женский,https://www.wildberries.ru/catalog/516133879/detail.aspx,https://basket-27.wbbasket.ru/vol5161/part516133/516133879/images/big/1.webp,true,model,natural,2026-07-16
310032823,подарок на 8 марта жилет-пуховик,Siberian Warmth,пальто,2052,,RUB,зеленый,,женский,https://www.wildberries.ru/catalog/310032823/detail.aspx,https://basket-19.wbbasket.ru/vol3100/part310032/310032823/images/big/1.webp,true,model,natural,2026-07-16
530049992,Куртка длинная стеганая с капюшоном,Befree,пальто,2148,,RUB,зеленый,,женский,https://www.wildberries.ru/catalog/530049992/detail.aspx,https://basket-28.wbbasket.ru/vol5300/part530049/530049992/images/big/1.webp,true,model,natural,2026-07-16
530049993,Куртка длинная стеганая с капюшоном,Befree,пальто,2113,,RUB,серый,,женский,https://www.wildberries.ru/catalog/530049993/detail.aspx,https://basket-28.wbbasket.ru/vol5300/part530049/530049993/images/big/1.webp,true,model,natural,2026-07-16
478222953,Куртка стеганая со съемным капюшоном,Befree,пальто,2760,,RUB,белый,,женский,https://www.wildberries.ru/catalog/478222953/detail.aspx,https://basket-26.wbbasket.ru/vol4782/part478222/478222953/images/big/1.webp,true,model,natural,2026-07-16
478222865,Куртка стеганая с капюшоном,Befree,пальто,2579,,RUB,белый,,женский,https://www.wildberries.ru/catalog/478222865/detail.aspx,https://basket-26.wbbasket.ru/vol4782/part478222/478222865/images/big/1.webp,true,model,natural,2026-07-16
478222951,Куртка стеганая со съемным капюшоном,Befree,пальто,2760,,RUB,зеленый,,женский,https://www.wildberries.ru/catalog/478222951/detail.aspx,https://basket-26.wbbasket.ru/vol4782/part478222/478222951/images/big/1.webp,true,model,natural,2026-07-16
478222952,Куртка стеганая со съемным капюшоном,Befree,пальто,2760,,RUB,черный,,женский,https://www.wildberries.ru/catalog/478222952/detail.aspx,https://basket-26.wbbasket.ru/vol4782/part478222/478222952/images/big/1.webp,true,model,natural,2026-07-16
100258944,Пуховик зимний длинный с капюшоном,Over Easy Sale,пальто,5344,,RUB,серый,,женский,https://www.wildberries.ru/catalog/100258944/detail.aspx,https://basket-05.wbbasket.ru/vol1002/part100258/100258944/images/big/1.webp,true,model,natural,2026-07-16
100278005,Пуховик зимний с капюшоном,Over Easy Sale,пальто,4924,,RUB,белый,,женский,https://www.wildberries.ru/catalog/100278005/detail.aspx,https://basket-05.wbbasket.ru/vol1002/part100278/100278005/images/big/1.webp,true,model,natural,2026-07-16
182126270,Куртка демисезонная короткая дутая,Fashion Wind,пальто,8679,,RUB,бежевый,,женский,https://www.wildberries.ru/catalog/182126270/detail.aspx,https://basket-12.wbbasket.ru/vol1821/part182126/182126270/images/big/1.webp,true,model,natural,2026-07-16
526251109,Пуховик на натуральном утеплителе,Befree,пальто,6513,,RUB,черный,,женский,https://www.wildberries.ru/catalog/526251109/detail.aspx,https://basket-28.wbbasket.ru/vol5262/part526251/526251109/images/big/1.webp,true,model,natural,2026-07-16
506105962,Куртка утепленная темно-серая пуховик,Camel Active,пальто,38493,,RUB,серый,,женский,https://www.wildberries.ru/catalog/506105962/detail.aspx,https://basket-27.wbbasket.ru/vol5061/part506105/506105962/images/big/1.webp,true,packshot,natural,2026-07-16
48420589,Пуховик зимний с капюшоном длинный оверсайз до колен,MUST HAVE Clothes,пальто,74400,,RUB,черный,,женский,https://www.wildberries.ru/catalog/48420589/detail.aspx,https://basket-04.wbbasket.ru/vol484/part48420/48420589/images/big/1.webp,true,packshot,natural,2026-07-16
239420004,Дубленка зимняя авиатор больших размеров демисезон,filio,пальто,8688,,RUB,черный,,женский,https://www.wildberries.ru/catalog/239420004/detail.aspx,https://basket-15.wbbasket.ru/vol2394/part239420/239420004/images/big/1.webp,true,model,natural,2026-07-16
278036406,Дубленка зимняя с капюшоном большие размеры,L2BS,пальто,15710,,RUB,черный,,женский,https://www.wildberries.ru/catalog/278036406/detail.aspx,https://basket-17.wbbasket.ru/vol2780/part278036/278036406/images/big/1.webp,true,model,natural,2026-07-16
525036658,Дубленка удлиненная с мехом демисезон,S&K.,пальто,38400,,RUB,коричневый,,женский,https://www.wildberries.ru/catalog/525036658/detail.aspx,https://basket-28.wbbasket.ru/vol5250/part525036/525036658/images/big/1.webp,true,model,natural,2026-07-16
551582070,Дубленка с мехом,,пальто,11818,,RUB,серый,,женский,https://www.wildberries.ru/catalog/551582070/detail.aspx,https://basket-29.wbbasket.ru/vol5515/part551582/551582070/images/big/1.webp,true,packshot,natural,2026-07-16
138066182,Дублёнка демисезонная весна,МОDНЫЙ МЕХ,пальто,9498,,RUB,серый,,женский,https://www.wildberries.ru/catalog/138066182/detail.aspx,https://basket-10.wbbasket.ru/vol1380/part138066/138066182/images/big/1.webp,true,packshot,natural,2026-07-16
266192718,Дубленка авиатор зимняя короткая,Orbro,пальто,4080,,RUB,коричневый,,женский,https://www.wildberries.ru/catalog/266192718/detail.aspx,https://basket-17.wbbasket.ru/vol2661/part266192/266192718/images/big/1.webp,true,packshot,natural,2026-07-16
290741395,Дубленка с мехом,,пальто,13046,,RUB,бежевый,,женский,https://www.wildberries.ru/catalog/290741395/detail.aspx,https://basket-18.wbbasket.ru/vol2907/part290741/290741395/images/big/1.webp,true,packshot,natural,2026-07-16
568932834,Дубленка зимняя с капюшоном,New H&C,пальто,17126,,RUB,фиолетовый,,женский,https://www.wildberries.ru/catalog/568932834/detail.aspx,https://basket-29.wbbasket.ru/vol5689/part568932/568932834/images/big/1.webp,true,model,natural,2026-07-16
602556300,Дубленка,MAISON DAVID,пальто,6385,,RUB,коричневый,,женский,https://www.wildberries.ru/catalog/602556300/detail.aspx,https://basket-30.wbbasket.ru/vol6025/part602556/602556300/images/big/1.webp,true,model,natural,2026-07-16
289646227,Дубленка удлиненная с искусственным мехом под овчину,,пальто,11384,,RUB,белый,,женский,https://www.wildberries.ru/catalog/289646227/detail.aspx,https://basket-18.wbbasket.ru/vol2896/part289646/289646227/images/big/1.webp,true,model,natural,2026-07-16
138066185,Дублёнка демисезонная весна,МОDНЫЙ МЕХ,пальто,9498,,RUB,коричневый,,женский,https://www.wildberries.ru/catalog/138066185/detail.aspx,https://basket-10.wbbasket.ru/vol1380/part138066/138066185/images/big/1.webp,true,model,natural,2026-07-16
180306856,Косуха Дубленка зимняя авиатор короткая,MulluMix,пальто,8180,,RUB,бежевый,,женский,https://www.wildberries.ru/catalog/180306856/detail.aspx,https://basket-12.wbbasket.ru/vol1803/part180306/180306856/images/big/1.webp,true,model,natural,2026-07-16
188403670,Дублёнка демисезонная весна,МОDНЫЙ МЕХ,пальто,9498,,RUB,бежевый,,женский,https://www.wildberries.ru/catalog/188403670/detail.aspx,https://basket-12.wbbasket.ru/vol1884/part188403/188403670/images/big/1.webp,true,model,natural,2026-07-16
259922536,Дубленка зимняя натуральная из овчины,Alessandro Pelle,пальто,50068,,RUB,бежевый,,женский,https://www.wildberries.ru/catalog/259922536/detail.aspx,https://basket-16.wbbasket.ru/vol2599/part259922/259922536/images/big/1.webp,true,model,natural,2026-07-16
695216642,Пиджак оверсайз удлиненный блейзер жакет в цветочек,VneVremeni,пиджак,7300,,RUB,синий,,женский,https://www.wildberries.ru/catalog/695216642/detail.aspx,https://basket-33.wbbasket.ru/vol6952/part695216/695216642/images/big/1.webp,true,model,classic,2026-07-16
896893556,Пиджак оверсайз удлиненный блейзер жакет в цветочек,VneVremeni,пиджак,7581,,RUB,белый,,женский,https://www.wildberries.ru/catalog/896893556/detail.aspx,https://basket-39.wbbasket.ru/vol8968/part896893/896893556/images/big/1.webp,true,packshot,classic,2026-07-16
471990537,Жакет укороченный твидовый,MONAFI GLOW,пиджак,4783,,RUB,коричневый,,женский,https://www.wildberries.ru/catalog/471990537/detail.aspx,https://basket-26.wbbasket.ru/vol4719/part471990/471990537/images/big/1.webp,true,model,classic,2026-07-16
758574746,Труакар из шерстяной ткани на полной подкладке,LALIS,одежда,5343,,RUB,серый,,женский,https://www.wildberries.ru/catalog/758574746/detail.aspx,https://basket-35.wbbasket.ru/vol7585/part758574/758574746/images/big/1.webp,true,packshot,classic,2026-07-16
252705443,Укороченный жакет пиджак больших размеров из шерсти трикотаж,МАРИЭЛЬ,пиджак,6182,,RUB,белый,,женский,https://www.wildberries.ru/catalog/252705443/detail.aspx,https://basket-16.wbbasket.ru/vol2527/part252705/252705443/images/big/1.webp,true,model,classic,2026-07-16
850475902,Пиджак оверсайз прямой свободного кроя,ELENDORA,пиджак,9161,,RUB,синий,,женский,https://www.wildberries.ru/catalog/850475902/detail.aspx,https://basket-38.wbbasket.ru/vol8504/part850475/850475902/images/big/1.webp,true,model,classic,2026-07-16
924127953,Пиджак женский приталенный удлиненный на завязках,KATY PRETTY,пиджак,2036,,RUB,черный,,женский,https://www.wildberries.ru/catalog/924127953/detail.aspx,https://basket-40.wbbasket.ru/vol9241/part924127/924127953/images/big/1.webp,true,model,classic,2026-07-16
924127954,Пиджак женский приталенный удлиненный на завязках,KATY PRETTY,пиджак,1976,,RUB,коричневый,,женский,https://www.wildberries.ru/catalog/924127954/detail.aspx,https://basket-40.wbbasket.ru/vol9241/part924127/924127954/images/big/1.webp,true,model,classic,2026-07-16
1094592603,Пиджак женский приталенный удлиненный на завязках,KATY PRETTY,пиджак,2395,,RUB,коричневый,,женский,https://www.wildberries.ru/catalog/1094592603/detail.aspx,https://basket-42.wbbasket.ru/vol10945/part1094592/1094592603/images/big/1.webp,true,model,classic,2026-07-16
804226731,Укороченный жакет драповый,SAINT SIN,пиджак,7265,,RUB,серый,,женский,https://www.wildberries.ru/catalog/804226731/detail.aspx,https://basket-37.wbbasket.ru/vol8042/part804226/804226731/images/big/1.webp,true,model,classic,2026-07-16
304882890,Пиджак прямой теплый оверсайз удлиненный,Alirasi,пиджак,3112,,RUB,бежевый,,женский,https://www.wildberries.ru/catalog/304882890/detail.aspx,https://basket-18.wbbasket.ru/vol3048/part304882/304882890/images/big/1.webp,true,model,classic,2026-07-16
264930877,Пиджак оверсайз блейзер прямой жакет удлиненный с шерстью,Peach Story,пиджак,4900,,RUB,черный,,женский,https://www.wildberries.ru/catalog/264930877/detail.aspx,https://basket-17.wbbasket.ru/vol2649/part264930/264930877/images/big/1.webp,true,model,classic,2026-07-16
531272533,Укороченный жакет с карманами,,пиджак,4509,,RUB,серый,,женский,https://www.wildberries.ru/catalog/531272533/detail.aspx,https://basket-28.wbbasket.ru/vol5312/part531272/531272533/images/big/1.webp,true,model,classic,2026-07-16
783799866,Пиджак укороченный оверсайз классический,OKSANA UTOVA BRAND,пиджак,12574,,RUB,серый,,женский,https://www.wildberries.ru/catalog/783799866/detail.aspx,https://basket-36.wbbasket.ru/vol7837/part783799/783799866/images/big/1.webp,true,model,classic,2026-07-16
484715325,Рубашка муслин летняя,Одежда Walvis,рубашка,2708,,RUB,черный,,женский,https://www.wildberries.ru/catalog/484715325/detail.aspx,https://basket-26.wbbasket.ru/vol4847/part484715/484715325/images/big/1.webp,true,model,classic natural,2026-07-16
239612805,Хлопковая рубашка в полоску оверсайз,NA_SEBE_FOCUS,рубашка,2776,,RUB,голубой,,женский,https://www.wildberries.ru/catalog/239612805/detail.aspx,https://basket-15.wbbasket.ru/vol2396/part239612/239612805/images/big/1.webp,true,model,classic natural,2026-07-16
873220617,Рубашка оверсайз тонкая летняя,,рубашка,1592,,RUB,белый,,женский,https://www.wildberries.ru/catalog/873220617/detail.aspx,https://basket-38.wbbasket.ru/vol8732/part873220/873220617/images/big/1.webp,true,model,classic natural,2026-07-16
690899181,Рубашка в полоску с кружевом хлопок,OHAYA,рубашка,1617,,RUB,голубой,,женский,https://www.wildberries.ru/catalog/690899181/detail.aspx,https://basket-33.wbbasket.ru/vol6908/part690899/690899181/images/big/1.webp,true,model,classic natural,2026-07-16
239613407,Хлопковая рубашка в полоску оверсайз,NA_SEBE_FOCUS,рубашка,2559,,RUB,белый,,женский,https://www.wildberries.ru/catalog/239613407/detail.aspx,https://basket-15.wbbasket.ru/vol2396/part239613/239613407/images/big/1.webp,true,model,classic natural,2026-07-16
67228495,Рубашка голубая оверсайз классическая хлопок для офиса,MIOME,рубашка,2379,,RUB,голубой,,женский,https://www.wildberries.ru/catalog/67228495/detail.aspx,https://basket-04.wbbasket.ru/vol672/part67228/67228495/images/big/1.webp,true,model,classic natural,2026-07-16
213111048,Хлопковая рубашка в полоску оверсайз летняя,COSMO BRAND,рубашка,2320,,RUB,голубой,,женский,https://www.wildberries.ru/catalog/213111048/detail.aspx,https://basket-14.wbbasket.ru/vol2131/part213111/213111048/images/big/1.webp,true,packshot,classic natural,2026-07-16
494807116,Рубашка в полоску оверсайз для офиса и школы,ilookhome,рубашка,1869,,RUB,белый,,женский,https://www.wildberries.ru/catalog/494807116/detail.aspx,https://basket-27.wbbasket.ru/vol4948/part494807/494807116/images/big/1.webp,true,model,classic natural,2026-07-16
396043253,Рубашка оверсайз прозрачная летняя,INLITE,рубашка,1516,,RUB,белый,,женский,https://www.wildberries.ru/catalog/396043253/detail.aspx,https://basket-23.wbbasket.ru/vol3960/part396043/396043253/images/big/1.webp,true,model,classic natural,2026-07-16
809653261,Рубашка летняя прозрачная для пляжа,INLITE,рубашка,1550,,RUB,зеленый,,женский,https://www.wildberries.ru/catalog/809653261/detail.aspx,https://basket-37.wbbasket.ru/vol8096/part809653/809653261/images/big/1.webp,true,model,classic natural,2026-07-16
494807118,Рубашка в полоску оверсайз для офиса и школы,ilookhome,рубашка,2051,,RUB,белый,,женский,https://www.wildberries.ru/catalog/494807118/detail.aspx,https://basket-27.wbbasket.ru/vol4948/part494807/494807118/images/big/1.webp,true,model,classic natural,2026-07-16
690902280,Рубашка в полоску нарядная,OHAYA,рубашка,1600,,RUB,красный,,женский,https://www.wildberries.ru/catalog/690902280/detail.aspx,https://basket-33.wbbasket.ru/vol6909/part690902/690902280/images/big/1.webp,true,model,classic natural,2026-07-16
918830680,Рубашка летняя легкая туника парео пляжное хлопок 100%,Zella,рубашка,1751,,RUB,белый,,женский,https://www.wildberries.ru/catalog/918830680/detail.aspx,https://basket-40.wbbasket.ru/vol9188/part918830/918830680/images/big/1.webp,true,model,classic natural,2026-07-16
116570126,Рубашка оверсайз с длинным рукавом хлопок,Cassa Marina,рубашка,2682,,RUB,голубой,,женский,https://www.wildberries.ru/catalog/116570126/detail.aspx,https://basket-08.wbbasket.ru/vol1165/part116570/116570126/images/big/1.webp,true,model,classic natural,2026-07-16
434566805,Джемпер женский 100% шерсть мериноса,R&I,трикотаж,3316,,RUB,фиолетовый,,женский,https://www.wildberries.ru/catalog/434566805/detail.aspx,https://basket-24.wbbasket.ru/vol4345/part434566/434566805/images/big/1.webp,true,model,natural classic,2026-07-16
302649891,Джемпер женский 100% шерсть мериноса,R&I,трикотаж,3373,,RUB,желтый,,женский,https://www.wildberries.ru/catalog/302649891/detail.aspx,https://basket-18.wbbasket.ru/vol3026/part302649/302649891/images/big/1.webp,true,model,natural classic,2026-07-16
542508092,Джемпер женский 100% шерсть мериноса,,трикотаж,3479,,RUB,черный,,женский,https://www.wildberries.ru/catalog/542508092/detail.aspx,https://basket-28.wbbasket.ru/vol5425/part542508/542508092/images/big/1.webp,true,model,natural classic,2026-07-16
6611472,Джемпер 100% шерсть мериноса,R&I,трикотаж,3316,,RUB,серый,,женский,https://www.wildberries.ru/catalog/6611472/detail.aspx,https://basket-01.wbbasket.ru/vol66/part6611/6611472/images/big/1.webp,true,model,natural classic,2026-07-16
434533827,Джемпер женский 100% шерсть мериноса,R&I,трикотаж,3316,,RUB,розовый,,женский,https://www.wildberries.ru/catalog/434533827/detail.aspx,https://basket-24.wbbasket.ru/vol4345/part434533/434533827/images/big/1.webp,true,model,natural classic,2026-07-16
434533820,Джемпер женский 100% шерсть мериноса,R&I,трикотаж,3316,,RUB,бежевый,,женский,https://www.wildberries.ru/catalog/434533820/detail.aspx,https://basket-24.wbbasket.ru/vol4345/part434533/434533820/images/big/1.webp,true,model,natural classic,2026-07-16
505703024,Базовый однотонный джемпер с шерстью и кашемиром,Baon,трикотаж,3814,,RUB,бежевый,,женский,https://www.wildberries.ru/catalog/505703024/detail.aspx,https://basket-27.wbbasket.ru/vol5057/part505703/505703024/images/big/1.webp,true,model,natural classic,2026-07-16
434516720,Джемпер женский 100% шерсть мериноса,R&I,трикотаж,3316,,RUB,фиолетовый,,женский,https://www.wildberries.ru/catalog/434516720/detail.aspx,https://basket-24.wbbasket.ru/vol4345/part434516/434516720/images/big/1.webp,true,model,natural classic,2026-07-16
507462769,Вязаный женский джемпер шерстяной,Zolla,трикотаж,1710,,RUB,бежевый,,женский,https://www.wildberries.ru/catalog/507462769/detail.aspx,https://basket-27.wbbasket.ru/vol5074/part507462/507462769/images/big/1.webp,true,model,natural classic,2026-07-16
326232823,Джемпер женский 100% шерсть мериноса,,трикотаж,3479,,RUB,красный,,женский,https://www.wildberries.ru/catalog/326232823/detail.aspx,https://basket-19.wbbasket.ru/vol3262/part326232/326232823/images/big/1.webp,true,model,natural classic,2026-07-16
507462760,Вязаный женский джемпер шерстяной,Zolla,трикотаж,1819,,RUB,белый,,женский,https://www.wildberries.ru/catalog/507462760/detail.aspx,https://basket-27.wbbasket.ru/vol5074/part507462/507462760/images/big/1.webp,true,model,natural classic,2026-07-16
434533821,Джемпер женский 100% шерсть мериноса,R&I,трикотаж,3316,,RUB,фиолетовый,,женский,https://www.wildberries.ru/catalog/434533821/detail.aspx,https://basket-24.wbbasket.ru/vol4345/part434533/434533821/images/big/1.webp,true,model,natural classic,2026-07-16
483932964,Джемпер с шерстью мериноса,Norveg,трикотаж,2807,,RUB,черный,,женский,https://www.wildberries.ru/catalog/483932964/detail.aspx,https://basket-26.wbbasket.ru/vol4839/part483932/483932964/images/big/1.webp,true,model,natural classic,2026-07-16
6611476,Джемпер 100% шерсть мериноса,R&I,трикотаж,3316,,RUB,красный,,женский,https://www.wildberries.ru/catalog/6611476/detail.aspx,https://basket-01.wbbasket.ru/vol66/part6611/6611476/images/big/1.webp,true,model,natural classic,2026-07-16
271662149,Водолазка женская воротник стойка,Yarina,трикотаж,1533,,RUB,фиолетовый,,женский,https://www.wildberries.ru/catalog/271662149/detail.aspx,https://basket-17.wbbasket.ru/vol2716/part271662/271662149/images/big/1.webp,true,model,classic,2026-07-16
363412605,Водолазка черная шерстяная с горлом,Doctor TM,трикотаж,3103,,RUB,черный,,женский,https://www.wildberries.ru/catalog/363412605/detail.aspx,https://basket-21.wbbasket.ru/vol3634/part363412/363412605/images/big/1.webp,true,model,classic,2026-07-16
177861570,Водолазка косичка из кашемира,ELNITU,трикотаж,1949,,RUB,зеленый,,женский,https://www.wildberries.ru/catalog/177861570/detail.aspx,https://basket-12.wbbasket.ru/vol1778/part177861/177861570/images/big/1.webp,true,model,classic,2026-07-16
611854681,Водолазка темно-синего цвета вязаная с высоким горлом,Fizalis,трикотаж,1907,,RUB,синий,,женский,https://www.wildberries.ru/catalog/611854681/detail.aspx,https://basket-30.wbbasket.ru/vol6118/part611854/611854681/images/big/1.webp,true,model,classic,2026-07-16
10925984,Водолазка с коротким рукавом 100 % шерсть мериноса,R&I,трикотаж,3455,,RUB,белый,,женский,https://www.wildberries.ru/catalog/10925984/detail.aspx,https://basket-01.wbbasket.ru/vol109/part10925/10925984/images/big/1.webp,true,model,classic,2026-07-16
781978274,Свитер из мягкой 100% шерсти,Gerry Ross,трикотаж,7856,,RUB,черный,,женский,https://www.wildberries.ru/catalog/781978274/detail.aspx,https://basket-36.wbbasket.ru/vol7819/part781978/781978274/images/big/1.webp,true,model,classic,2026-07-16
115469914,Кашемировая водолазка с горлом,JA&VI,трикотаж,2927,,RUB,белый,,женский,https://www.wildberries.ru/catalog/115469914/detail.aspx,https://basket-08.wbbasket.ru/vol1154/part115469/115469914/images/big/1.webp,true,model,classic,2026-07-16
265253319,Водолазка без горла теплая шерстяная,Vittoria Vicci,трикотаж,1640,,RUB,зеленый,,женский,https://www.wildberries.ru/catalog/265253319/detail.aspx,https://basket-17.wbbasket.ru/vol2652/part265253/265253319/images/big/1.webp,true,model,classic,2026-07-16
484426049,Водолазка 100% шерсть мериноса Cash Touch,Norveg,трикотаж,8461,,RUB,белый,,женский,https://www.wildberries.ru/catalog/484426049/detail.aspx,https://basket-26.wbbasket.ru/vol4844/part484426/484426049/images/big/1.webp,true,model,classic,2026-07-16
355315814,Водолазка с коротким рукавом 100% шерсть мериноса,,трикотаж,3512,,RUB,розовый,,женский,https://www.wildberries.ru/catalog/355315814/detail.aspx,https://basket-21.wbbasket.ru/vol3553/part355315/355315814/images/big/1.webp,true,model,classic,2026-07-16
556474275,Серая водолазка вязаная с высоким горлом,Fizalis,трикотаж,1907,,RUB,серый,,женский,https://www.wildberries.ru/catalog/556474275/detail.aspx,https://basket-29.wbbasket.ru/vol5564/part556474/556474275/images/big/1.webp,true,model,classic,2026-07-16
42195782,Джемпер с горлом теплый полуприталенный трикотаж вискоза,Sun&Art,трикотаж,2542,,RUB,зеленый,,женский,https://www.wildberries.ru/catalog/42195782/detail.aspx,https://basket-03.wbbasket.ru/vol421/part42195/42195782/images/big/1.webp,true,model,classic,2026-07-16
484426051,Водолазка 100% шерсть мериноса Cash Touch,Norveg,трикотаж,8351,,RUB,черный,,женский,https://www.wildberries.ru/catalog/484426051/detail.aspx,https://basket-26.wbbasket.ru/vol4844/part484426/484426051/images/big/1.webp,true,model,classic,2026-07-16
195665613,Водолазка кашемир с горлом теплая,ПАРФИННЕ,трикотаж,1513,,RUB,коричневый,,женский,https://www.wildberries.ru/catalog/195665613/detail.aspx,https://basket-13.wbbasket.ru/vol1956/part195665/195665613/images/big/1.webp,true,model,classic,2026-07-16
295594911,Брюки классические прямые,TIGER stl,брюки,2492,,RUB,серый,,женский,https://www.wildberries.ru/catalog/295594911/detail.aspx,https://basket-18.wbbasket.ru/vol2955/part295594/295594911/images/big/1.webp,true,model,classic,2026-07-16
1223703273,Брюки прямые со стрелкой,MOIJE,брюки,1853,,RUB,черный,,женский,https://www.wildberries.ru/catalog/1223703273/detail.aspx,https://basket-44.wbbasket.ru/vol12237/part1223703/1223703273/images/big/1.webp,true,model,classic,2026-07-16
58253040,Брюки классические прямые с высокой посадкой,GLDELUXE,брюки,2375,,RUB,черный,,женский,https://www.wildberries.ru/catalog/58253040/detail.aspx,https://basket-04.wbbasket.ru/vol582/part58253/58253040/images/big/1.webp,true,model,classic,2026-07-16
549167249,Брюки классические прямые со стрелками,a'Tani,брюки,2085,,RUB,черный,,женский,https://www.wildberries.ru/catalog/549167249/detail.aspx,https://basket-28.wbbasket.ru/vol5491/part549167/549167249/images/big/1.webp,true,packshot,classic,2026-07-16
933508374,Брюки классические прямые с высокой посадкой,GLAUREN,брюки,2124,,RUB,коричневый,,женский,https://www.wildberries.ru/catalog/933508374/detail.aspx,https://basket-40.wbbasket.ru/vol9335/part933508/933508374/images/big/1.webp,true,packshot,classic,2026-07-16
769002487,Брюки палаццо широкие на резинке со стрелками,FLOY,брюки,1878,,RUB,черный,,женский,https://www.wildberries.ru/catalog/769002487/detail.aspx,https://basket-36.wbbasket.ru/vol7690/part769002/769002487/images/big/1.webp,true,packshot,classic,2026-07-16
145736022,Брюки палаццо классические с высокой посадкой,LSL,брюки,2539,,RUB,черный,,женский,https://www.wildberries.ru/catalog/145736022/detail.aspx,https://basket-10.wbbasket.ru/vol1457/part145736/145736022/images/big/1.webp,true,model,classic,2026-07-16
1014448933,Брюки летние классические,Nat.Ti style,брюки,2143,,RUB,зеленый,,женский,https://www.wildberries.ru/catalog/1014448933/detail.aspx,https://basket-41.wbbasket.ru/vol10144/part1014448/1014448933/images/big/1.webp,true,model,classic,2026-07-16
820785756,Брюки палаццо,ELENDORA,брюки,3372,,RUB,черный,,женский,https://www.wildberries.ru/catalog/820785756/detail.aspx,https://basket-37.wbbasket.ru/vol8207/part820785/820785756/images/big/1.webp,true,packshot,classic,2026-07-16
813323957,Брюки прямые классические палаццо с высокой посадкой,FIRST STYLE,брюки,1889,,RUB,черный,,женский,https://www.wildberries.ru/catalog/813323957/detail.aspx,https://basket-37.wbbasket.ru/vol8133/part813323/813323957/images/big/1.webp,true,model,classic,2026-07-16
1013241997,Брюки палаццо широкие на резинке со стрелками,FLOY,брюки,1629,,RUB,белый,,женский,https://www.wildberries.ru/catalog/1013241997/detail.aspx,https://basket-41.wbbasket.ru/vol10132/part1013241/1013241997/images/big/1.webp,true,model,classic,2026-07-16
881598209,Брюки палаццо с прошитой стрелкой с высокой посадкой,Kamilek,брюки,2643,,RUB,бежевый,,женский,https://www.wildberries.ru/catalog/881598209/detail.aspx,https://basket-39.wbbasket.ru/vol8815/part881598/881598209/images/big/1.webp,true,model,classic,2026-07-16
301106273,Брюки палаццо широкие прямые с прошитой стрелкой,SUCCESS MODE,брюки,5787,,RUB,черный,,женский,https://www.wildberries.ru/catalog/301106273/detail.aspx,https://basket-18.wbbasket.ru/vol3011/part301106/301106273/images/big/1.webp,true,model,classic,2026-07-16
133585379,Брюки классические трикотажные прямые с прошитыми стрелками,GRANGEL,брюки,2841,,RUB,черный,,женский,https://www.wildberries.ru/catalog/133585379/detail.aspx,https://basket-10.wbbasket.ru/vol1335/part133585/133585379/images/big/1.webp,true,model,classic,2026-07-16
38542544,Джинсы прямые классические стрейч,Feimailis,брюки,2286,,RUB,синий,,женский,https://www.wildberries.ru/catalog/38542544/detail.aspx,https://basket-03.wbbasket.ru/vol385/part38542/38542544/images/big/1.webp,true,model,natural,2026-07-16
37916400,Джинсы прямые классические стрейч,Feimailis,брюки,2123,,RUB,синий,,женский,https://www.wildberries.ru/catalog/37916400/detail.aspx,https://basket-03.wbbasket.ru/vol379/part37916/37916400/images/big/1.webp,true,packshot,natural,2026-07-16
25970903,Джинсы прямые классические стрейч,Feimailis,брюки,1853,,RUB,голубой,,женский,https://www.wildberries.ru/catalog/25970903/detail.aspx,https://basket-02.wbbasket.ru/vol259/part25970/25970903/images/big/1.webp,true,model,natural,2026-07-16
105337347,Джинсы прямые классические стрейч,Feimailis,брюки,2352,,RUB,синий,,женский,https://www.wildberries.ru/catalog/105337347/detail.aspx,https://basket-06.wbbasket.ru/vol1053/part105337/105337347/images/big/1.webp,true,packshot,natural,2026-07-16
45512341,Джинсы прямые классические стрейч,Feimailis,брюки,1560,,RUB,синий,,женский,https://www.wildberries.ru/catalog/45512341/detail.aspx,https://basket-04.wbbasket.ru/vol455/part45512/45512341/images/big/1.webp,true,model,natural,2026-07-16
40058307,Джинсы прямые высокая посадка стрейч,Feimailis,брюки,2459,,RUB,синий,,женский,https://www.wildberries.ru/catalog/40058307/detail.aspx,https://basket-03.wbbasket.ru/vol400/part40058/40058307/images/big/1.webp,true,model,natural,2026-07-16
709878723,Джинсы прямые классические с высокой посадкой,ZEEM,брюки,2779,,RUB,синий,,женский,https://www.wildberries.ru/catalog/709878723/detail.aspx,https://basket-34.wbbasket.ru/vol7098/part709878/709878723/images/big/1.webp,true,model,natural,2026-07-16
161328602,Джинсы прямые классические,Feimailis,брюки,1749,,RUB,голубой,,женский,https://www.wildberries.ru/catalog/161328602/detail.aspx,https://basket-11.wbbasket.ru/vol1613/part161328/161328602/images/big/1.webp,true,model,natural,2026-07-16
592741019,Джинсы прямые классические,Feimailis,брюки,2280,,RUB,синий,,женский,https://www.wildberries.ru/catalog/592741019/detail.aspx,https://basket-30.wbbasket.ru/vol5927/part592741/592741019/images/big/1.webp,true,model,natural,2026-07-16
580320307,Джинсы прямые классические трубы с высокой посадкой,WAIB,брюки,4204,,RUB,голубой,,женский,https://www.wildberries.ru/catalog/580320307/detail.aspx,https://basket-29.wbbasket.ru/vol5803/part580320/580320307/images/big/1.webp,true,packshot,natural,2026-07-16
235490627,Джинсы прямые высокая посадка,Feimailis,брюки,1957,,RUB,голубой,,женский,https://www.wildberries.ru/catalog/235490627/detail.aspx,https://basket-15.wbbasket.ru/vol2354/part235490/235490627/images/big/1.webp,true,model,natural,2026-07-16
322175982,Джинсы прямые с высокой посадкой,VACANT,брюки,2598,,RUB,синий,,женский,https://www.wildberries.ru/catalog/322175982/detail.aspx,https://basket-19.wbbasket.ru/vol3221/part322175/322175982/images/big/1.webp,true,model,natural,2026-07-16
170424498,Джинсы прямые трубы широкие,Feimailis,брюки,1908,,RUB,синий,,женский,https://www.wildberries.ru/catalog/170424498/detail.aspx,https://basket-12.wbbasket.ru/vol1704/part170424/170424498/images/big/1.webp,true,packshot,natural,2026-07-16
117807325,Джинсы прямые классические стрейч слим,Feimailis,брюки,1896,,RUB,черный,,женский,https://www.wildberries.ru/catalog/117807325/detail.aspx,https://basket-09.wbbasket.ru/vol1178/part117807/117807325/images/big/1.webp,true,model,natural,2026-07-16
182344025,Юбка атласная миди коричневая шёлковая на резинке,COPACH,юбка,1630,,RUB,коричневый,,женский,https://www.wildberries.ru/catalog/182344025/detail.aspx,https://basket-12.wbbasket.ru/vol1823/part182344/182344025/images/big/1.webp,true,model,romance classic,2026-07-16
259775346,Атласная юбка миди на молнии,NASHITO,юбка,1596,,RUB,коричневый,,женский,https://www.wildberries.ru/catalog/259775346/detail.aspx,https://basket-16.wbbasket.ru/vol2597/part259775/259775346/images/big/1.webp,true,model,romance classic,2026-07-16
831452814,Юбка миди из сатина,LOVE REPUBLIC,юбка,2570,,RUB,черный,,женский,https://www.wildberries.ru/catalog/831452814/detail.aspx,https://basket-38.wbbasket.ru/vol8314/part831452/831452814/images/big/1.webp,true,model,romance classic,2026-07-16
833858079,Летняя юбка миди длинная,ELKA WOMAN,юбка,1630,,RUB,белый,,женский,https://www.wildberries.ru/catalog/833858079/detail.aspx,https://basket-38.wbbasket.ru/vol8338/part833858/833858079/images/big/1.webp,true,model,romance classic,2026-07-16
264014098,"Юбка атласная плотная, черная, на резинке, летняя",ANNA Collection,юбка,1897,,RUB,черный,,женский,https://www.wildberries.ru/catalog/264014098/detail.aspx,https://basket-17.wbbasket.ru/vol2640/part264014/264014098/images/big/1.webp,true,packshot,romance classic,2026-07-16
876384968,Летняя юбка миди длинная,ELKA WOMAN,юбка,1827,,RUB,белый,,женский,https://www.wildberries.ru/catalog/876384968/detail.aspx,https://basket-39.wbbasket.ru/vol8763/part876384/876384968/images/big/1.webp,true,model,romance classic,2026-07-16
398569647,Юбка атласная миди,МОРС&МОПС,юбка,2524,,RUB,голубой,,женский,https://www.wildberries.ru/catalog/398569647/detail.aspx,https://basket-23.wbbasket.ru/vol3985/part398569/398569647/images/big/1.webp,true,model,romance classic,2026-07-16
831452816,Юбка миди из сатина,LOVE REPUBLIC,юбка,2868,,RUB,розовый,,женский,https://www.wildberries.ru/catalog/831452816/detail.aspx,https://basket-38.wbbasket.ru/vol8314/part831452/831452816/images/big/1.webp,true,model,romance classic,2026-07-16
271664882,"Юбка летняя, атласная плотная, кофейная, на резинке",ANNA Collection,юбка,1728,,RUB,коричневый,,женский,https://www.wildberries.ru/catalog/271664882/detail.aspx,https://basket-17.wbbasket.ru/vol2716/part271664/271664882/images/big/1.webp,true,model,romance classic,2026-07-16
66520297,Юбка летняя длинная,477TM,юбка,1630,,RUB,розовый,,женский,https://www.wildberries.ru/catalog/66520297/detail.aspx,https://basket-04.wbbasket.ru/vol665/part66520/66520297/images/big/1.webp,true,model,romance classic,2026-07-16
161233434,Юбка атласная миди шелковая,COPACH,юбка,2688,,RUB,бежевый,,женский,https://www.wildberries.ru/catalog/161233434/detail.aspx,https://basket-11.wbbasket.ru/vol1612/part161233/161233434/images/big/1.webp,true,model,romance classic,2026-07-16
338105529,Юбка рыбка сатиновая годе,МАРИЯ ИВАНИЦКАЯ,юбка,3593,,RUB,бежевый,,женский,https://www.wildberries.ru/catalog/338105529/detail.aspx,https://basket-20.wbbasket.ru/vol3381/part338105/338105529/images/big/1.webp,true,model,romance classic,2026-07-16
734309837,Юбка миди из вискозного сатина с кружевом,SELA,юбка,2390,,RUB,серый,,женский,https://www.wildberries.ru/catalog/734309837/detail.aspx,https://basket-34.wbbasket.ru/vol7343/part734309/734309837/images/big/1.webp,true,model,romance classic,2026-07-16
18712060,Юбка атласная с завышенной талией,477TM,юбка,1630,,RUB,бежевый,,женский,https://www.wildberries.ru/catalog/18712060/detail.aspx,https://basket-02.wbbasket.ru/vol187/part18712/18712060/images/big/1.webp,true,model,romance classic,2026-07-16
162392596,Топ ажурной вязки на бретелях,Mollis,топ,1829,,RUB,голубой,,женский,https://www.wildberries.ru/catalog/162392596/detail.aspx,https://basket-11.wbbasket.ru/vol1623/part162392/162392596/images/big/1.webp,true,model,classic,2026-07-16
205997129,Юбка длинная офисная,Mollis,юбка,4809,,RUB,фиолетовый,,женский,https://www.wildberries.ru/catalog/205997129/detail.aspx,https://basket-14.wbbasket.ru/vol2059/part205997/205997129/images/big/1.webp,true,model,classic,2026-07-16
172969347,Юбка длинная офисная,Mollis,юбка,3014,,RUB,розовый,,женский,https://www.wildberries.ru/catalog/172969347/detail.aspx,https://basket-12.wbbasket.ru/vol1729/part172969/172969347/images/big/1.webp,true,model,classic,2026-07-16
248174108,Лонгслив нарядный облегающий блестящий,Mollis,трикотаж,3038,,RUB,черный,,женский,https://www.wildberries.ru/catalog/248174108/detail.aspx,https://basket-16.wbbasket.ru/vol2481/part248174/248174108/images/big/1.webp,true,model,classic,2026-07-16
149030374,Жакет короткий в клетку из твида,Mollis,пиджак,7330,,RUB,зеленый,,женский,https://www.wildberries.ru/catalog/149030374/detail.aspx,https://basket-10.wbbasket.ru/vol1490/part149030/149030374/images/big/1.webp,true,model,classic,2026-07-16
234923790,Юбка на резинке,Mollis,юбка,3641,,RUB,зеленый,,женский,https://www.wildberries.ru/catalog/234923790/detail.aspx,https://basket-15.wbbasket.ru/vol2349/part234923/234923790/images/big/1.webp,true,model,classic,2026-07-16
137766447,Пальто прямое двубортное,Mollis,пальто,11554,,RUB,бежевый,,женский,https://www.wildberries.ru/catalog/137766447/detail.aspx,https://basket-10.wbbasket.ru/vol1377/part137766/137766447/images/big/1.webp,true,model,classic,2026-07-16
209148159,Топ бандо нарядный,Mollis,топ,2409,,RUB,синий,,женский,https://www.wildberries.ru/catalog/209148159/detail.aspx,https://basket-14.wbbasket.ru/vol2091/part209148/209148159/images/big/1.webp,true,model,classic,2026-07-16
211536166,Платье миди с декоративным лифом,Mollis,платье,3992,,RUB,черный,,женский,https://www.wildberries.ru/catalog/211536166/detail.aspx,https://basket-14.wbbasket.ru/vol2115/part211536/211536166/images/big/1.webp,true,model,classic,2026-07-16
150927856,Юбка короткая в клетку,Mollis,юбка,3306,,RUB,красный,,женский,https://www.wildberries.ru/catalog/150927856/detail.aspx,https://basket-10.wbbasket.ru/vol1509/part150927/150927856/images/big/1.webp,true,model,classic,2026-07-16
179770993,Платье мини с вырезом халтер,Mollis,платье,3041,,RUB,черный,,женский,https://www.wildberries.ru/catalog/179770993/detail.aspx,https://basket-12.wbbasket.ru/vol1797/part179770/179770993/images/big/1.webp,true,model,classic,2026-07-16
260210557,Платье приталенное из костюмной ткани,Mollis,платье,3761,,RUB,черный,,женский,https://www.wildberries.ru/catalog/260210557/detail.aspx,https://basket-16.wbbasket.ru/vol2602/part260210/260210557/images/big/1.webp,true,model,classic,2026-07-16
170354139,Юбка миди из атласа на резинке,Mollis,юбка,4749,,RUB,бежевый,,женский,https://www.wildberries.ru/catalog/170354139/detail.aspx,https://basket-12.wbbasket.ru/vol1703/part170354/170354139/images/big/1.webp,true,model,classic,2026-07-16
181643534,Платье футляр из костюмной ткани,Mollis,платье,2560,,RUB,красный,,женский,https://www.wildberries.ru/catalog/181643534/detail.aspx,https://basket-12.wbbasket.ru/vol1816/part181643/181643534/images/big/1.webp,true,model,classic,2026-07-16
1110406637,Жакет летний приталенный костюмный из тенселя и льна,Zarina,пиджак,4199,,RUB,серый,,женский,https://www.wildberries.ru/catalog/1110406637/detail.aspx,https://basket-42.wbbasket.ru/vol11104/part1110406/1110406637/images/big/1.webp,true,packshot,classic,2026-07-16
1110433682,Рубашка летняя свободная из льна,Zarina,рубашка,2399,,RUB,коричневый,,женский,https://www.wildberries.ru/catalog/1110433682/detail.aspx,https://basket-42.wbbasket.ru/vol11104/part1110433/1110433682/images/big/1.webp,true,model,classic,2026-07-16
1110302479,Комбинезон кимоно летний приталенный из вискозы и льна,Zarina,одежда,2999,,RUB,серый,,женский,https://www.wildberries.ru/catalog/1110302479/detail.aspx,https://basket-42.wbbasket.ru/vol11103/part1110302/1110302479/images/big/1.webp,true,model,classic,2026-07-16
1110368644,Рубашка летняя свободная длинная из льна,Zarina,рубашка,3599,,RUB,серый,,женский,https://www.wildberries.ru/catalog/1110368644/detail.aspx,https://basket-42.wbbasket.ru/vol11103/part1110368/1110368644/images/big/1.webp,true,model,classic,2026-07-16
1110433681,Рубашка летняя свободная из льна,Zarina,рубашка,2399,,RUB,зеленый,,женский,https://www.wildberries.ru/catalog/1110433681/detail.aspx,https://basket-42.wbbasket.ru/vol11104/part1110433/1110433681/images/big/1.webp,true,model,classic,2026-07-16
1110292363,Юбка летняя длинная с драпировкой из рами и хлопка,Zarina,юбка,1999,,RUB,зеленый,,женский,https://www.wildberries.ru/catalog/1110292363/detail.aspx,https://basket-42.wbbasket.ru/vol11102/part1110292/1110292363/images/big/1.webp,true,model,classic,2026-07-16
1110377299,Комбинезон летний с брюками с открытой спинкой из льна,Zarina,одежда,3599,,RUB,коричневый,,женский,https://www.wildberries.ru/catalog/1110377299/detail.aspx,https://basket-42.wbbasket.ru/vol11103/part1110377/1110377299/images/big/1.webp,true,model,classic,2026-07-16
246579534,Ботфорты-трансформеры демисезонные,Portal,одежда,5098,,RUB,черный,,женский,https://www.wildberries.ru/catalog/246579534/detail.aspx,https://basket-16.wbbasket.ru/vol2465/part246579/246579534/images/big/1.webp,true,packshot,classic natural,2026-07-16
293419293,Балетки Мэри Джейн,Portal,обувь,7016,,RUB,черный,,женский,https://www.wildberries.ru/catalog/293419293/detail.aspx,https://basket-18.wbbasket.ru/vol2934/part293419/293419293/images/big/1.webp,true,packshot,classic natural,2026-07-16
293419078,Ботильоны демисезонные,Portal,обувь,5037,,RUB,оранжевый,,женский,https://www.wildberries.ru/catalog/293419078/detail.aspx,https://basket-18.wbbasket.ru/vol2934/part293419/293419078/images/big/1.webp,true,model,classic natural,2026-07-16
293419283,Балетки в сеточку,Portal,обувь,7016,,RUB,черный,,женский,https://www.wildberries.ru/catalog/293419283/detail.aspx,https://basket-18.wbbasket.ru/vol2934/part293419/293419283/images/big/1.webp,true,packshot,classic natural,2026-07-16
293419075,Ботильоны демисезонные,Portal,обувь,5037,,RUB,черный,,женский,https://www.wildberries.ru/catalog/293419075/detail.aspx,https://basket-18.wbbasket.ru/vol2934/part293419/293419075/images/big/1.webp,true,packshot,classic natural,2026-07-16
293419172,Босоножки летние,Portal,обувь,5037,,RUB,черный,,женский,https://www.wildberries.ru/catalog/293419172/detail.aspx,https://basket-18.wbbasket.ru/vol2934/part293419/293419172/images/big/1.webp,true,packshot,classic natural,2026-07-16
293419256,Кеды летние,Portal,обувь,7016,,RUB,черный,,женский,https://www.wildberries.ru/catalog/293419256/detail.aspx,https://basket-18.wbbasket.ru/vol2934/part293419/293419256/images/big/1.webp,true,packshot,classic natural,2026-07-16
293419245,Мюли,Portal,обувь,7016,,RUB,черный,,женский,https://www.wildberries.ru/catalog/293419245/detail.aspx,https://basket-18.wbbasket.ru/vol2934/part293419/293419245/images/big/1.webp,true,packshot,classic natural,2026-07-16
293419036,Туфли-слингбэки на каблуке,Portal,обувь,7026,,RUB,черный,,женский,https://www.wildberries.ru/catalog/293419036/detail.aspx,https://basket-18.wbbasket.ru/vol2934/part293419/293419036/images/big/1.webp,true,packshot,classic natural,2026-07-16
293419352,Мюли летние,Portal,обувь,7016,,RUB,белый,,женский,https://www.wildberries.ru/catalog/293419352/detail.aspx,https://basket-18.wbbasket.ru/vol2934/part293419/293419352/images/big/1.webp,true,packshot,classic natural,2026-07-16
293419203,Мюли летние,Portal,обувь,7016,,RUB,черный,,женский,https://www.wildberries.ru/catalog/293419203/detail.aspx,https://basket-18.wbbasket.ru/vol2934/part293419/293419203/images/big/1.webp,true,packshot,classic natural,2026-07-16
247592392,Сапоги демисезонные,Portal,обувь,8907,,RUB,черный,,женский,https://www.wildberries.ru/catalog/247592392/detail.aspx,https://basket-16.wbbasket.ru/vol2475/part247592/247592392/images/big/1.webp,true,model,classic natural,2026-07-16
670641053,Ботильоны демисезонные,Ekonika,обувь,8986,,RUB,красный,,женский,https://www.wildberries.ru/catalog/670641053/detail.aspx,https://basket-32.wbbasket.ru/vol6706/part670641/670641053/images/big/1.webp,true,packshot,classic,2026-07-16
670641299,Ботильоны демисезонные,Ekonika,обувь,8906,,RUB,черный,,женский,https://www.wildberries.ru/catalog/670641299/detail.aspx,https://basket-32.wbbasket.ru/vol6706/part670641/670641299/images/big/1.webp,true,packshot,classic,2026-07-16
670641469,Ботильоны демисезонные,Ekonika,обувь,6897,,RUB,черный,,женский,https://www.wildberries.ru/catalog/670641469/detail.aspx,https://basket-32.wbbasket.ru/vol6706/part670641/670641469/images/big/1.webp,true,packshot,classic,2026-07-16
293419268,Ботильоны демисезонные,Ekonika,обувь,12995,,RUB,черный,,женский,https://www.wildberries.ru/catalog/293419268/detail.aspx,https://basket-18.wbbasket.ru/vol2934/part293419/293419268/images/big/1.webp,true,model,classic,2026-07-16
670641458,Ботильоны демисезонные,Ekonika,обувь,11065,,RUB,бежевый,,женский,https://www.wildberries.ru/catalog/670641458/detail.aspx,https://basket-32.wbbasket.ru/vol6706/part670641/670641458/images/big/1.webp,true,model,classic,2026-07-16
670641393,Ботильоны демисезонные,Ekonika,обувь,8906,,RUB,коричневый,,женский,https://www.wildberries.ru/catalog/670641393/detail.aspx,https://basket-32.wbbasket.ru/vol6706/part670641/670641393/images/big/1.webp,true,model,classic,2026-07-16
293419108,Ботильоны демисезонные,Ekonika,обувь,10995,,RUB,черный,,женский,https://www.wildberries.ru/catalog/293419108/detail.aspx,https://basket-18.wbbasket.ru/vol2934/part293419/293419108/images/big/1.webp,true,model,classic,2026-07-16
670641034,Ботильоны демисезонные,Ekonika,обувь,11065,,RUB,коричневый,,женский,https://www.wildberries.ru/catalog/670641034/detail.aspx,https://basket-32.wbbasket.ru/vol6706/part670641/670641034/images/big/1.webp,true,packshot,classic,2026-07-16
246579553,Ботильоны демисезонные,Ekonika,обувь,12895,,RUB,черный,,женский,https://www.wildberries.ru/catalog/246579553/detail.aspx,https://basket-16.wbbasket.ru/vol2465/part246579/246579553/images/big/1.webp,true,packshot,classic,2026-07-16
246579559,Ботильоны демисезонные,Ekonika,обувь,8956,,RUB,черный,,женский,https://www.wildberries.ru/catalog/246579559/detail.aspx,https://basket-16.wbbasket.ru/vol2465/part246579/246579559/images/big/1.webp,true,packshot,classic,2026-07-16
293419171,Ботильоны демисезонные,Ekonika,обувь,8956,,RUB,черный,,женский,https://www.wildberries.ru/catalog/293419171/detail.aspx,https://basket-18.wbbasket.ru/vol2934/part293419/293419171/images/big/1.webp,true,packshot,classic,2026-07-16
246579544,Ботильоны-челси демисезонные,Ekonika,обувь,18972,,RUB,черный,,женский,https://www.wildberries.ru/catalog/246579544/detail.aspx,https://basket-16.wbbasket.ru/vol2465/part246579/246579544/images/big/1.webp,true,packshot,classic,2026-07-16
246579433,Ботильоны демисезонные,Ekonika,обувь,12866,,RUB,черный,,женский,https://www.wildberries.ru/catalog/246579433/detail.aspx,https://basket-16.wbbasket.ru/vol2465/part246579/246579433/images/big/1.webp,true,packshot,classic,2026-07-16
455913886,Ботильоны зимние,Ekonika,обувь,17073,,RUB,черный,,женский,https://www.wildberries.ru/catalog/455913886/detail.aspx,https://basket-25.wbbasket.ru/vol4559/part455913/455913886/images/big/1.webp,true,packshot,classic,2026-07-16
1088460064,Туфли на низком каблуке летние открытые,Thomas Munz,обувь,2672,,RUB,бежевый,,женский,https://www.wildberries.ru/catalog/1088460064/detail.aspx,https://basket-42.wbbasket.ru/vol10884/part1088460/1088460064/images/big/1.webp,true,model,classic,2026-07-16
884370386,Туфли на каблуке натуральная кожа летние,Thomas Munz,обувь,2580,,RUB,белый,,женский,https://www.wildberries.ru/catalog/884370386/detail.aspx,https://basket-39.wbbasket.ru/vol8843/part884370/884370386/images/big/1.webp,true,model,classic,2026-07-16
367797168,Туфли на каблуке натуральная кожа офисные,Thomas Munz,обувь,3307,,RUB,белый,,женский,https://www.wildberries.ru/catalog/367797168/detail.aspx,https://basket-21.wbbasket.ru/vol3677/part367797/367797168/images/big/1.webp,true,model,classic,2026-07-16
848180723,Туфли на низком каблуке натуральная кожа мягкие,Thomas Munz,обувь,2634,,RUB,бежевый,,женский,https://www.wildberries.ru/catalog/848180723/detail.aspx,https://basket-38.wbbasket.ru/vol8481/part848180/848180723/images/big/1.webp,true,model,classic,2026-07-16
771056028,Туфли на каблуке натуральная кожа офисные,Thomas Munz,обувь,2058,,RUB,бежевый,,женский,https://www.wildberries.ru/catalog/771056028/detail.aspx,https://basket-36.wbbasket.ru/vol7710/part771056/771056028/images/big/1.webp,true,model,classic,2026-07-16
72070844,Туфли на каблуке летние открытые,Thomas Munz,обувь,2140,,RUB,белый,,женский,https://www.wildberries.ru/catalog/72070844/detail.aspx,https://basket-05.wbbasket.ru/vol720/part72070/72070844/images/big/1.webp,true,model,classic,2026-07-16
874883451,Туфли на низком каблуке летние открытые,Thomas Munz,обувь,2338,,RUB,красный,,женский,https://www.wildberries.ru/catalog/874883451/detail.aspx,https://basket-39.wbbasket.ru/vol8748/part874883/874883451/images/big/1.webp,true,model,classic,2026-07-16
375631973,Туфли на низком каблуке летние открытые,Thomas Munz,обувь,1743,,RUB,черный,,женский,https://www.wildberries.ru/catalog/375631973/detail.aspx,https://basket-22.wbbasket.ru/vol3756/part375631/375631973/images/big/1.webp,true,model,classic,2026-07-16
837427897,Туфли на каблуке натуральная кожа офисные,Thomas Munz,обувь,2525,,RUB,бежевый,,женский,https://www.wildberries.ru/catalog/837427897/detail.aspx,https://basket-38.wbbasket.ru/vol8374/part837427/837427897/images/big/1.webp,true,model,classic,2026-07-16
59455465,Туфли на каблуке натуральная кожа черные классика,Thomas Munz,обувь,5401,,RUB,черный,,женский,https://www.wildberries.ru/catalog/59455465/detail.aspx,https://basket-04.wbbasket.ru/vol594/part59455/59455465/images/big/1.webp,true,model,classic,2026-07-16
219477330,Туфли на каблуке летние открытые вечерние,Thomas Munz,обувь,1990,,RUB,розовый,,женский,https://www.wildberries.ru/catalog/219477330/detail.aspx,https://basket-15.wbbasket.ru/vol2194/part219477/219477330/images/big/1.webp,true,model,classic,2026-07-16
848180722,Туфли на низком каблуке натуральная кожа летние,Thomas Munz,обувь,2195,,RUB,белый,,женский,https://www.wildberries.ru/catalog/848180722/detail.aspx,https://basket-38.wbbasket.ru/vol8481/part848180/848180722/images/big/1.webp,true,model,classic,2026-07-16
1088432254,Туфли на низком каблуке летние открытые,Thomas Munz,обувь,3237,,RUB,коричневый,,женский,https://www.wildberries.ru/catalog/1088432254/detail.aspx,https://basket-42.wbbasket.ru/vol10884/part1088432/1088432254/images/big/1.webp,true,model,classic,2026-07-16
912941823,Туфли на низком каблуке натуральная кожа мягкие летние,Thomas Munz,обувь,2450,,RUB,белый,,женский,https://www.wildberries.ru/catalog/912941823/detail.aspx,https://basket-39.wbbasket.ru/vol9129/part912941/912941823/images/big/1.webp,true,model,classic,2026-07-16
323177050,Полуботинки кеды,Respect,обувь,4299,,RUB,белый,,женский,https://www.wildberries.ru/catalog/323177050/detail.aspx,https://basket-19.wbbasket.ru/vol3231/part323177/323177050/images/big/1.webp,true,packshot,classic,2026-07-16
141309691,Мокасины,Respect,одежда,1773,,RUB,белый,,женский,https://www.wildberries.ru/catalog/141309691/detail.aspx,https://basket-10.wbbasket.ru/vol1413/part141309/141309691/images/big/1.webp,true,model,classic,2026-07-16
264466512,Сабо,Respect,одежда,1570,,RUB,черный,,женский,https://www.wildberries.ru/catalog/264466512/detail.aspx,https://basket-17.wbbasket.ru/vol2644/part264466/264466512/images/big/1.webp,true,packshot,classic,2026-07-16
924269656,Туфли слипоны женские натуральные,Respect,обувь,2790,,RUB,зеленый,,женский,https://www.wildberries.ru/catalog/924269656/detail.aspx,https://basket-40.wbbasket.ru/vol9242/part924269/924269656/images/big/1.webp,true,model,classic,2026-07-16
237986177,Ботильоны демисезонные стильные,Respect,обувь,3995,,RUB,бежевый,,женский,https://www.wildberries.ru/catalog/237986177/detail.aspx,https://basket-15.wbbasket.ru/vol2379/part237986/237986177/images/big/1.webp,true,model,classic,2026-07-16
1100189215,Сабо шлепанцы женские летние,Respect,одежда,3002,,RUB,белый,,женский,https://www.wildberries.ru/catalog/1100189215/detail.aspx,https://basket-42.wbbasket.ru/vol11001/part1100189/1100189215/images/big/1.webp,true,model,classic,2026-07-16
314330464,Лоферы женские,Respect,обувь,4262,,RUB,черный,,женский,https://www.wildberries.ru/catalog/314330464/detail.aspx,https://basket-19.wbbasket.ru/vol3143/part314330/314330464/images/big/1.webp,true,packshot,classic,2026-07-16
306010634,Сабо летние натуральные,Respect,одежда,3323,,RUB,бежевый,,женский,https://www.wildberries.ru/catalog/306010634/detail.aspx,https://basket-19.wbbasket.ru/vol3060/part306010/306010634/images/big/1.webp,true,model,classic,2026-07-16
313529522,Босоножки летние,Respect,обувь,1982,,RUB,бежевый,,женский,https://www.wildberries.ru/catalog/313529522/detail.aspx,https://basket-19.wbbasket.ru/vol3135/part313529/313529522/images/big/1.webp,true,model,classic,2026-07-16
152262196,Легкие кеды,Respect,обувь,2532,,RUB,белый,,женский,https://www.wildberries.ru/catalog/152262196/detail.aspx,https://basket-10.wbbasket.ru/vol1522/part152262/152262196/images/big/1.webp,true,model,classic,2026-07-16
327374058,Кеды женские,Respect,обувь,3266,,RUB,белый,,женский,https://www.wildberries.ru/catalog/327374058/detail.aspx,https://basket-20.wbbasket.ru/vol3273/part327374/327374058/images/big/1.webp,true,model,classic,2026-07-16
180854857,Дутики,Respect,одежда,5227,,RUB,черный,,женский,https://www.wildberries.ru/catalog/180854857/detail.aspx,https://basket-12.wbbasket.ru/vol1808/part180854/180854857/images/big/1.webp,true,packshot,classic,2026-07-16
237919284,Угги женские зимние натуральные короткие,Respect,обувь,4499,,RUB,серый,,женский,https://www.wildberries.ru/catalog/237919284/detail.aspx,https://basket-15.wbbasket.ru/vol2379/part237919/237919284/images/big/1.webp,true,packshot,classic,2026-07-16
995486783,Шлепанцы женские кожаные,Respect,одежда,2795,,RUB,черный,,женский,https://www.wildberries.ru/catalog/995486783/detail.aspx,https://basket-41.wbbasket.ru/vol9954/part995486/995486783/images/big/1.webp,true,packshot,classic,2026-07-16
728840096,Ботинки зимние из натуральной кожи Челси,Ralf Ringer,обувь,6035,,RUB,черный,,женский,https://www.wildberries.ru/catalog/728840096/detail.aspx,https://basket-34.wbbasket.ru/vol7288/part728840/728840096/images/big/1.webp,true,model,natural,2026-07-16
728820110,Ботинки зимние из натуральной кожи,Ralf Ringer,обувь,6817,,RUB,черный,,женский,https://www.wildberries.ru/catalog/728820110/detail.aspx,https://basket-34.wbbasket.ru/vol7288/part728820/728820110/images/big/1.webp,true,model,natural,2026-07-16
728880589,Ботинки зимние замшевые челси,Ralf Ringer,обувь,6482,,RUB,коричневый,,женский,https://www.wildberries.ru/catalog/728880589/detail.aspx,https://basket-34.wbbasket.ru/vol7288/part728880/728880589/images/big/1.webp,true,model,natural,2026-07-16
728802973,Ботинки зимние Замшевые Берцы,Ralf Ringer,обувь,6706,,RUB,серый,,женский,https://www.wildberries.ru/catalog/728802973/detail.aspx,https://basket-34.wbbasket.ru/vol7288/part728802/728802973/images/big/1.webp,true,model,natural,2026-07-16
861405651,Кеды Кати натуральная кожа,Ralf Ringer,обувь,15064,,RUB,белый,,женский,https://www.wildberries.ru/catalog/861405651/detail.aspx,https://basket-38.wbbasket.ru/vol8614/part861405/861405651/images/big/1.webp,true,model,natural,2026-07-16
201353689,Кроссовки Ассэн натуральная кожа,Ralf Ringer,обувь,14995,,RUB,черный,,женский,https://www.wildberries.ru/catalog/201353689/detail.aspx,https://basket-13.wbbasket.ru/vol2013/part201353/201353689/images/big/1.webp,true,packshot,natural,2026-07-16
243284741,Сапоги зимние Веста натуральная кожа,Ralf Ringer,обувь,26388,,RUB,черный,,женский,https://www.wildberries.ru/catalog/243284741/detail.aspx,https://basket-16.wbbasket.ru/vol2432/part243284/243284741/images/big/1.webp,true,packshot,natural,2026-07-16
243284678,Сапоги зимние Альма натуральная кожа,Ralf Ringer,обувь,26388,,RUB,черный,,женский,https://www.wildberries.ru/catalog/243284678/detail.aspx,https://basket-16.wbbasket.ru/vol2432/part243284/243284678/images/big/1.webp,true,packshot,natural,2026-07-16
201353595,Кеды натуральная кожа женские летние,Ralf Ringer,обувь,9892,,RUB,зеленый,,женский,https://www.wildberries.ru/catalog/201353595/detail.aspx,https://basket-13.wbbasket.ru/vol2013/part201353/201353595/images/big/1.webp,true,model,natural,2026-07-16
613539506,Джемпер,Ralf Ringer,трикотаж,4491,,RUB,бежевый,,женский,https://www.wildberries.ru/catalog/613539506/detail.aspx,https://basket-31.wbbasket.ru/vol6135/part613539/613539506/images/big/1.webp,true,model,natural,2026-07-16
332651627,Туфли Элиас натуральная кожа,Ralf Ringer,обувь,19488,,RUB,черный,,женский,https://www.wildberries.ru/catalog/332651627/detail.aspx,https://basket-20.wbbasket.ru/vol3326/part332651/332651627/images/big/1.webp,true,packshot,natural,2026-07-16
117920616,Ботфорты,Ralf Ringer,одежда,23089,,RUB,черный,,женский,https://www.wildberries.ru/catalog/117920616/detail.aspx,https://basket-09.wbbasket.ru/vol1179/part117920/117920616/images/big/1.webp,true,packshot,natural,2026-07-16
332651632,Туфли KRISS натуральная кожа женские демисезонные,Ralf Ringer,обувь,20988,,RUB,черный,,женский,https://www.wildberries.ru/catalog/332651632/detail.aspx,https://basket-20.wbbasket.ru/vol3326/part332651/332651632/images/big/1.webp,true,packshot,natural,2026-07-16
243284604,Сапоги зимние Альма-Грант кожа на широкую ногу,Ralf Ringer,обувь,26388,,RUB,черный,,женский,https://www.wildberries.ru/catalog/243284604/detail.aspx,https://basket-16.wbbasket.ru/vol2432/part243284/243284604/images/big/1.webp,true,packshot,natural,2026-07-16
1110639731,Лоферы летние замшевые классические,Alba,обувь,4223,,RUB,бежевый,,женский,https://www.wildberries.ru/catalog/1110639731/detail.aspx,https://basket-42.wbbasket.ru/vol11106/part1110639/1110639731/images/big/1.webp,true,model,classic romance,2026-07-16
1110639730,Лоферы летние замшевые классические,Alba,обувь,4223,,RUB,коричневый,,женский,https://www.wildberries.ru/catalog/1110639730/detail.aspx,https://basket-42.wbbasket.ru/vol11106/part1110639/1110639730/images/big/1.webp,true,model,classic romance,2026-07-16
